future_direction,papers
Examine interaction between positive and negative consequences of ambivalence and their joint impact on overall servitization performance.,4
Develop measures of ambivalence intensity and examine how degree of ambivalence affects the nature of positive vs negative consequences.,4
Confirmatory quantitative testing of the proposed ambivalence framework in servitizing manufacturing firms.,4
"Investigate contextual moderators of ambivalence intensity: top management commitment, extent of global operations, industry dynamism.",4
Investigate innovation auditing differences for different types of firms (pure service providers vs. manufacturers) and industry sub-segments.,3
null,3
"Extend the innovation audit framework to cover ecosystem-level auditing, including joint audit routines with core partners.",3
"Explore how firms optimally balance cognitive and financial resources across openness, servitization, and digitalization priorities.",3
Examine how firms refine ecosystem partnerships to align service offerings with evolving demands of eco-friendly product innovations,2
"Extend research to other eco-friendly product contexts such as green hydrogen turbines, electric passenger vehicles, and residential heat pumps",2
"Study organizational resources and capabilities needed to build competitive advantage through sustainable servitization, including digital integration, service modularization, and circular business model design",2
Investigate service adjustments in later stages of EV market maturity beyond early adoption phase,2
Examine how product-oriented firms can balance service innovation supporting eco-friendly product innovations while also mitigating environmental impacts of existing product lines,2
Investigate the role of temporary service initiatives within existing structures vs. when new dedicated units become necessary; explore trade-offs between flexibility and strategic alignment,2
"Future research should examine triadic relationships between OES, OEM, and customers in digital servitization data access contexts.",1
Future studies could integrate further stakeholders perspectives such as start-ups and operators to facilitate a holistic understanding of the network.,1
Studies should address organizational adaptation toward digital servitization including tensions and paradoxes between service and digital orientations.,1
Future cross-cultural studies can focus on differing data access perceptions to allow for generalization of findings.,1
Future research could focus on dyads to examine concrete paradoxes in individual relationships and how they relate to individual levels of digital capabilities.,1
Future research should develop new digital PSS business model types and investigate their practical implementation especially in SMEs.,1
Research should explore specific configurations of digital capabilities and resources that lead to digital servitization success.,1
Research should examine how parallel stakeholder systems in different industries synergize to drive broader service ecosystem transformations.,1
Empirically validate framework elements and propositions through qualitative case studies and quantitative survey research.,1
Analyze configurations across different industries and countries to identify differences in emphasis.,1
Incorporate industry lifecycle conditions to understand how they moderate the relevance of different configurations.,1
"Investigate human, economic, and supply chain factors that influence success of different BMI configurations.",1
"Investigate maximum AI capabilities for all service type x activity type combinations, using expert forecasting for technically viable but not yet implemented options",1
Expand generative AI applications in intermediate and advanced services for scalable professional consulting,1
Develop strategies to foster user engagement in AI education for data-constrained servitization environments,1
"Extend research into service design routines to other manufacturing settings including different company sizes, sectors, and technology development levels",1